No,ticker,Day,ISIN,totalwrds,partwrds,RVT,positivescore,negativescore,fearscore,findownscore,finupscore,finhypescore,finvolatilescore,certaintyscore,uncertaintyscore,positivePartscr,negativePartscr,fearPartscr,findownPartscr,finupPartscr,finhypePartscr,finvolatilePartscr,certaintyPartscr,uncertaintyPartscr,Open,High,Low,Close,Adj Close,Volume
1,TSLA,1,US88160R1014,2816,2678,0.4712,0.0254,0.0153,0,0.0017,0.0315,0.0202,0.0045,0.0121,0.0152,0.025,0.0146,0,0.0018,0.0316,0.0214,0.0047,0.0128,0.0161,214.860001,220.330002,210.960007,216.990005,216.990005,5923300
2,TSLA,2,US88160R1014,1953,1857,0.4136,0.0155,0.0223,0.0005,0.0089,0.0227,0.022,0.0076,0.0125,0.0108,0.0146,0.0229,0,0.0094,0.0233,0.0231,0.008,0.0131,0.0113,214.75,228,214.309998,226.990005,226.990005,11213500
3,TSLA,3,US88160R1014,2329,2234,0.4322,0.0115,0.0328,0.003,0.0112,0.0218,0.0184,0.0122,0.01,0.0119,0.0119,0.0327,0.0031,0.0117,0.0227,0.0178,0.0127,0.0099,0.0114,226.419998,227.479996,221.949997,226.75,226.75,5911700
4,TSLA,4,US88160R1014,1393,1342,0.2801,0.0093,0.0222,0.005,0.005,0.0093,0.0115,0.005,0.0065,0.0086,0.0097,0.0208,0.0052,0.0052,0.0097,0.0104,0.0052,0.006,0.0082,226.929993,230.309998,225.449997,229.009995,229.009995,5527900
5,TSLA,5,US88160R1014,1859,1758,0.1257,0.0161,0.0231,0.0022,0.0048,0.0177,0.0199,0.0103,0.0082,0.0156,0.0165,0.0245,0.0023,0.0051,0.0182,0.0182,0.0091,0.0085,0.0159,228.970001,231.919998,228,231.279999,231.279999,3957000
6,TSLA,6,US88160R1014,2737,2551,0.182,0.0132,0.0277,0,0.0131,0.0188,0.0167,0.0089,0.0092,0.005,0.0141,0.0282,0,0.0141,0.0187,0.0164,0.0095,0.0099,0.0039,232,232,226.889999,229.869995,229.869995,3660000
7,TSLA,7,US88160R1014,289,274,0.1085,0,0.0105,0,0.0069,0,0.0175,0.0036,0.0036,0.0177,0,0.011,0,0.0073,0,0.0183,0.0037,0.0037,0.0184,229.070007,229.979996,226.679993,229.729996,229.729996,3650800
8,TSLA,8,US88160R1014,70,63,0.0241,0.0143,0,0,0,0.0143,0.0429,0.0286,0.0143,0.0286,0.0159,0,0,0,0.0159,0.0476,0.0317,0.0159,0.0317,229.059998,230.699997,225.580002,229.589996,229.589996,3790200
9,TSLA,9,US88160R1014,403,389,0.1252,0.0174,0.0099,0.0025,0.0025,0.0149,0.0347,0.005,0.0248,0.0149,0.018,0.0103,0.0026,0.0026,0.0154,0.036,0.0051,0.0257,0.0154,230,237.850006,229.589996,237.75,237.75,6093000
10,TSLA,10,US88160R1014,3326,3139,0.2783,0.0066,0.058,0.0069,0.0204,0.0148,0.0141,0.0045,0.0084,0.0105,0.007,0.0615,0.0073,0.0217,0.0153,0.015,0.0048,0.0089,0.0112,247.25,248.679993,240.75,243.759995,243.759995,7732300
11,TSLA,11,US88160R1014,1026,985,0.1962,0.0078,0.0497,0.0068,0.0156,0.0107,0.0185,0.0039,0.0117,0.0078,0.0081,0.0518,0.0071,0.0163,0.0112,0.0193,0.004,0.0122,0.0081,245.460007,246,243.009995,244.729996,244.729996,4204300
12,TSLA,12,US88160R1014,1102,1027,0.2881,0.0118,0.01,0.0009,0.0027,0.0064,0.0205,0.0128,0.0141,0.0009,0.0126,0.0087,0.001,0.003,0.0068,0.0146,0.0078,0.0107,0.001,245.850006,250.889999,245.5,248.919998,248.919998,6262900
13,TSLA,13,US88160R1014,273,257,0.024,0.022,0.011,0,0,0.0147,0.0256,0.0147,0.0073,0.0073,0.0233,0.0117,0,0,0.0156,0.0272,0.0156,0.0078,0.0078,257.309998,258.459991,251.800003,254.470001,254.470001,5142600
14,TSLA,14,US88160R1014,284,269,0.1666,0.0106,0.0739,0,0.0035,0.007,0.007,0.007,0.0141,0.0035,0.0112,0.0781,0,0.0037,0.0074,0.0074,0.0074,0.0149,0.0037,251.380005,253,248.520004,252.949997,252.949997,3166300
15,TSLA,15,US88160R1014,1567,1478,0.2554,0.016,0.0108,0,0.0013,0.0198,0.0242,0.0077,0.0134,0.0153,0.0162,0.0102,0,0.0014,0.021,0.0243,0.0081,0.0129,0.0156,252.529999,255.289993,247.100006,250.630005,250.630005,3801100
16,TSLA,16,US88160R1014,756,741,0.166,0.0105,0.0105,0,0.0013,0.0159,0.0199,0.0026,0.0079,0.0238,0.0108,0.0108,0,0.0013,0.0162,0.0189,0.0027,0.0081,0.023,249.240005,255.889999,247.699997,251.929993,251.929993,4116100
17,TSLA,17,US88160R1014,900,833,1,0.0144,0.0378,0.0056,0.0044,0.0067,0.0067,0.0022,0.0022,0.0044,0.0156,0.0348,0.0036,0.0024,0.006,0.0072,0.0024,0.0024,0.0048,253.050003,253.199997,249.050003,249.240005,249.240005,3958800
18,TSLA,18,US88160R1014,2194,2126,0.4416,0.015,0.0128,0,0.0087,0.0159,0.0196,0.0068,0.0132,0.0118,0.0155,0.0131,0,0.0089,0.0165,0.0202,0.007,0.0136,0.0122,248.339996,252.419998,247.710007,251.550003,251.550003,2499800
19,TSLA,19,US88160R1014,510,471,0.3218,0.0157,0.0314,0.0019,0,0.0177,0.0137,0.0098,0.0059,0.0098,0.017,0.034,0.0021,0,0.0191,0.0149,0.0107,0.0064,0.0106,251.910004,252.179993,249.679993,251.330002,251.330002,2186700
20,TSLA,20,US88160R1014,1437,1353,0.0795,0.0118,0.0257,0.0021,0.009,0.0237,0.0216,0.0167,0.0132,0.016,0.0126,0.0273,0.0022,0.0096,0.0244,0.0222,0.017,0.014,0.0163,251,257.820007,250.630005,257.769989,257.769989,3562500
21,TSLA,21,US88160R1014,537,515,0.2078,0.0038,0.0335,0.0037,0.0019,0.0056,0.0038,0.0038,0.0019,0.0056,0.0039,0.033,0.0039,0.0019,0.0058,0.0039,0.0039,0.0019,0.0058,258.190002,260,256.420013,257.480011,257.480011,4244800
22,TSLA,22,US88160R1014,55,40,0.0626,0,0.0182,0,0,0,0,0,0,0,0,0,0,0,0,0,0,0,0,257.350006,263.359985,256.200012,262.079987,262.079987,3933000
23,TSLA,23,US88160R1014,1606,1502,0.1625,0.0137,0.0268,0,0.005,0.0162,0.0193,0.0125,0.0087,0.0131,0.0147,0.0286,0,0.0054,0.0173,0.0207,0.0133,0.0093,0.014,266.25,271.179993,266.149994,269.200012,269.200012,7820200
24,TSLA,24,US88160R1014,1818,1721,0.1842,0.0148,0.0176,0,0.0104,0.016,0.0088,0.0082,0.0033,0.005,0.0157,0.0186,0,0.011,0.0169,0.0093,0.0087,0.0035,0.0046,269.790009,270.950012,266.109985,269.230011,269.230011,3619700
25,TSLA,25,US88160R1014,2364,2190,0.2569,0.0084,0.011,0,0.0047,0.0165,0.0249,0.0119,0.0155,0.0126,0.0082,0.0119,0,0.005,0.0164,0.0237,0.0109,0.0142,0.0137,270.73999,280.790009,270.51001,280.600006,280.600006,7029600
26,TSLA,26,US88160R1014,1084,998,0.2387,0.0185,0.0304,0,0.0074,0.0223,0.0278,0.0083,0.015,0.0083,0.02,0.0328,0,0.008,0.0242,0.0268,0.0088,0.0137,0.008,279.029999,287.390015,278.609985,280.980011,280.980011,7329400
27,TSLA,27,US88160R1014,742,709,0.1253,0.0216,0.0229,0.0013,0.0135,0.0391,0.0256,0.0108,0.0135,0.0216,0.0183,0.0212,0.0014,0.0127,0.0353,0.024,0.0113,0.0113,0.0212,280,282.23999,276.440002,279.76001,279.76001,4947900
28,TSLA,28,US88160R1014,3561,3328,0.2949,0.0056,0.0065,0,0.0028,0.0079,0.0115,0.0045,0.007,0.0076,0.006,0.0069,0,0.0027,0.0081,0.012,0.0048,0.0072,0.0081,277.600006,280,268.5,268.950012,268.950012,7077300
29,TSLA,29,US88160R1014,818,792,0.0799,0.0208,0.0233,0.0012,0.0159,0.0391,0.0257,0.0024,0.0098,0.0208,0.0202,0.024,0.0012,0.0164,0.0404,0.0265,0.0025,0.0101,0.0215,275.450012,281.399994,274.01001,277.390015,277.390015,5676700
30,TSLA,30,US88160R1014,3699,3407,0.5927,0.0116,0.0191,0.0006,0.0086,0.0212,0.0164,0.004,0.0098,0.0101,0.012,0.0208,0.0007,0.0093,0.023,0.0171,0.0043,0.0097,0.011,280.309998,283.450012,272.600006,273.51001,273.51001,8755000
31,TSLA,31,US88160R1014,2415,2306,0.5185,0.0113,0.0273,0.0027,0.0189,0.0286,0.0178,0.0123,0.007,0.0146,0.0117,0.0282,0.0029,0.0197,0.0291,0.0184,0.0127,0.0072,0.0151,264,264.660004,255.559998,255.990005,255.990005,14915200
32,TSLA,32,US88160R1014,1206,1135,0.3135,0.0097,0.0199,0.0027,0.0261,0.0168,0.0213,0.0161,0.0097,0.0156,0.0103,0.021,0.0028,0.0277,0.0164,0.0217,0.0171,0.0094,0.0164,252.660004,258.25,250.199997,257,257,8171600
33,TSLA,33,US88160R1014,2720,2545,0.4767,0.0132,0.0213,0.0022,0.014,0.0239,0.0156,0.0106,0.0069,0.0117,0.0141,0.0224,0.0024,0.0149,0.024,0.0165,0.0118,0.0051,0.0126,248.169998,248.360001,242.009995,246.229996,246.229996,11460800
34,TSLA,34,US88160R1014,611,586,0.1517,0.0245,0.0262,0.0016,0.018,0.0344,0.0114,0.0066,0.0032,0.0131,0.0256,0.0273,0.0017,0.0188,0.0358,0.012,0.0069,0.0034,0.0136,244.190002,251,243.899994,249.990005,249.990005,6078100
35,TSLA,35,US88160R1014,2079,1977,0.1043,0.0067,0.0111,0.0005,0.0048,0.013,0.0111,0.0053,0.0082,0.0063,0.0071,0.0117,0.0005,0.0051,0.0131,0.0116,0.0056,0.0086,0.0065,254.179993,254.850006,249.110001,250.020004,250.020004,4809500
36,TSLA,36,US88160R1014,180,164,0.0506,0.0167,0.0111,0,0.0111,0.0389,0.0111,0.0111,0.0056,0,0.0183,0.0122,0,0.0122,0.0426,0.0122,0.0122,0.0061,0,249.710007,253.279999,248.270004,250.479996,250.479996,3351800
37,TSLA,37,US88160R1014,114,107,0.0432,0,0.0088,0,0,0.0088,0.0088,0,0,0.0088,0,0.0093,0,0,0.0093,0.0093,0,0,0.0093,250.740005,251.899994,249,251.570007,251.570007,2919400
38,TSLA,38,US88160R1014,1537,1463,0.1659,0.0039,0.0133,0,0.0013,0.0026,0.006,0.0015,0.0061,0.0046,0.0042,0.0139,0,0.0014,0.0027,0.009,0.0014,0.0069,0.0048,247.910004,251.699997,247.509995,251.210007,251.210007,3355500
39,TSLA,39,US88160R1014,949,850,0.0724,0.0137,0.0032,0,0.0042,0.0126,0.02,0.0021,0.0126,0.0063,0.0153,0.0035,0,0.0047,0.0141,0.0176,0.0012,0.0106,0.0059,251.919998,253.889999,248.320007,248.589996,248.589996,3459500
40,TSLA,40,US88160R1014,1273,1197,0.4322,0.0188,0.0165,0.0016,0.0141,0.0283,0.0283,0.0142,0.0165,0.0197,0.02,0.0176,0.0017,0.0151,0.0284,0.0301,0.015,0.0167,0.0209,247,250.070007,245.320007,246.869995,246.869995,3725200
41,TSLA,41,US88160R1014,1803,1726,0.1302,0.0161,0.0277,0.0039,0.0122,0.0244,0.0133,0.0083,0.0039,0.0172,0.0168,0.0272,0.0041,0.0121,0.0243,0.0128,0.0081,0.0041,0.0168,247.630005,248.660004,243,244.899994,244.899994,3879300
42,TSLA,42,US88160R1014,119,95,0.065,0.0168,0.0588,0,0,0.0168,0,0.0084,0,0,0.0211,0.0737,0,0,0.0211,0,0.0105,0,0,246.210007,246.5,243,243.690002,243.690002,3066300
43,TSLA,43,US88160R1014,1966,1913,0.2139,0.0172,0.0199,0,0.0021,0.0125,0.0086,0.0097,0.0096,0.0055,0.0156,0.0205,0,0.0021,0.0129,0.0122,0.0081,0.0097,0.0056,244.820007,246.850006,242.779999,246.169998,246.169998,3022600
44,TSLA,44,US88160R1014,754,736,0.046,0.004,0.0358,0,0.0053,0.0238,0.0199,0.0106,0.0106,0.0093,0.0041,0.0367,0,0.0041,0.0245,0.0203,0.0109,0.0109,0.0095,246.110001,258.119995,246.020004,258,258,7598400
45,TSLA,45,US88160R1014,2659,2538,0.2527,0.0137,0.0088,0.0005,0.0059,0.0226,0.0136,0.0054,0.011,0.014,0.0144,0.0092,0.0005,0.0062,0.0237,0.0143,0.0057,0.0116,0.0148,257,261,254.270004,255.729996,255.729996,5330800
46,TSLA,46,US88160R1014,578,569,0.0635,0.0139,0.0139,0.0052,0,0.0485,0.0191,0.0121,0.0104,0.0156,0.0141,0.014,0.0053,0,0.0492,0.0193,0.0123,0.0105,0.0158,262.399994,265.75,259.059998,262.049988,262.049988,7132200
47,TSLA,47,US88160R1014,1006,945,0.2287,0.0114,0.0058,0.002,0.0051,0.0261,0.025,0.0068,0.0114,0.0115,0.012,0.0051,0.0021,0.0054,0.0277,0.0264,0.0072,0.012,0.0122,264,265.329987,261.200012,261.5,261.5,6497500
48,TSLA,48,US88160R1014,2324,2218,0.2736,0.0109,0.0194,0.0022,0.0097,0.0238,0.0097,0.0059,0.0078,0.0147,0.0113,0.0185,0.0014,0.0101,0.0249,0.0158,0.0096,0.0091,0.0154,260.600006,264.549988,258.820007,261.920013,261.920013,3614300
49,TSLA,49,US88160R1014,2190,2061,0.206,0.0124,0.0064,0.0027,0.0032,0.0173,0.0142,0.0045,0.0082,0.0096,0.0117,0.0068,0.0029,0.0034,0.0185,0.0145,0.0048,0.0083,0.0102,262.829987,264.799988,250.240005,250.679993,250.679993,6908600
50,TSLA,50,US88160R1014,1457,1402,0.3168,0.0055,0.0233,0.0007,0.0041,0.0103,0.0268,0.0048,0.0233,0.011,0.005,0.0242,0.0007,0.0043,0.0093,0.0278,0.0043,0.0236,0.01,251.559998,255.070007,250.509995,255.009995,255.009995,4059300
51,TSLA,51,US88160R1014,296,272,0.14,0.0304,0,0,0.0034,0.0338,0.0405,0.0169,0.0135,0.0202,0.0331,0,0,0.0037,0.0367,0.0441,0.0184,0.0147,0.0221,255.389999,257.670013,253.300003,254.779999,254.779999,3320200
52,TSLA,52,US88160R1014,382,356,0.1332,0.0261,0.0079,0,0,0.0341,0.0314,0.0079,0.0105,0.0131,0.0281,0.0085,0,0,0.0337,0.0309,0.0084,0.0112,0.0112,255.699997,263.890015,255.009995,263.160004,263.160004,5647300
53,TSLA,53,US88160R1014,2814,2680,0.1545,0.0197,0.0157,0.0022,0.0094,0.0223,0.0209,0.0117,0.0043,0.015,0.0206,0.0157,0.0023,0.0098,0.0232,0.0206,0.0084,0.0034,0.0153,260.600006,270.570007,259.75,270.220001,270.220001,6230800
54,TSLA,54,US88160R1014,6261,5961,0.7458,0.0137,0.015,0,0.0069,0.0243,0.0137,0.0139,0.0031,0.0096,0.014,0.0153,0,0.0072,0.0254,0.0139,0.0144,0.0031,0.01,277.019989,280.679993,275,277.450012,277.450012,7987600
55,TSLA,55,US88160R1014,2183,2053,0.3576,0.0175,0.0128,0,0.0087,0.0232,0.0201,0.0092,0.0072,0.0119,0.018,0.0135,0,0.0092,0.0245,0.0213,0.0091,0.0076,0.0126,278.339996,279.600006,275.540009,277.380005,277.380005,3676200
56,TSLA,56,US88160R1014,1848,1726,0.4037,0.0173,0.0107,0,0.006,0.0112,0.0218,0.0037,0.0073,0.011,0.0182,0.0114,0,0.0065,0.0114,0.0223,0.0038,0.0079,0.0118,278.040009,282,277.209991,277.920013,277.920013,4148400
57,TSLA,57,US88160R1014,1505,1412,0.2154,0.0169,0.017,0.0007,0.0079,0.0099,0.0139,0.0088,0.0048,0.0082,0.0181,0.0173,0.0007,0.0084,0.0099,0.0133,0.0087,0.005,0.0088,278.730011,279.679993,276.320007,278.299988,278.299988,3294600
58,TSLA,58,US88160R1014,10063,9724,0.8555,0.0144,0.019,0.0012,0.0056,0.0271,0.015,0.0073,0.0062,0.0105,0.0149,0.0197,0.0013,0.0059,0.0279,0.0155,0.0079,0.0063,0.0107,286.899994,299,284.579987,298.519989,298.519989,13888600
59,TSLA,59,US88160R1014,2935,2857,0.3362,0.0147,0.0272,0.002,0.0113,0.0225,0.0133,0.0051,0.0054,0.0119,0.015,0.028,0.0021,0.0115,0.0224,0.0136,0.0053,0.0056,0.0122,296.890015,304.809998,294.529999,303.700012,303.700012,10134600
60,TSLA,60,US88160R1014,2453,2343,0.5755,0.0194,0.0046,0.0008,0.0061,0.0286,0.0136,0.0094,0.008,0.0071,0.0204,0.0048,0.0008,0.0064,0.0298,0.0141,0.0098,0.0084,0.0072,302.040009,304.880005,294.200012,295,295,7880900
61,TSLA,61,US88160R1014,4860,4710,0.4856,0.012,0.0228,0.0021,0.0072,0.0141,0.0227,0.008,0.0129,0.0128,0.0124,0.0228,0.0022,0.0067,0.0139,0.0222,0.0083,0.0127,0.0124,296.880005,301.940002,294.100006,298.700012,298.700012,5520600
62,TSLA,62,US88160R1014,3366,3268,0.465,0.0191,0.023,0.0015,0.0091,0.0224,0.0201,0.0096,0.0101,0.0116,0.0193,0.0237,0.0016,0.009,0.0226,0.0205,0.0099,0.0104,0.0116,297.5,302.690002,297.149994,302.540009,302.540009,4579600
63,TSLA,63,US88160R1014,6245,5922,0.4079,0.0188,0.0243,0.0022,0.0104,0.0292,0.0133,0.0078,0.0058,0.0089,0.0194,0.0251,0.0023,0.0109,0.0301,0.0163,0.0079,0.0069,0.0089,309.149994,313.730011,308.709991,312.390015,312.390015,7664500
64,TSLA,64,US88160R1014,2240,2180,0.3564,0.0259,0.0219,0.0032,0.0044,0.0199,0.0154,0.0061,0.0059,0.0046,0.0265,0.0223,0.0033,0.0045,0.0203,0.0153,0.0063,0.006,0.0047,313.380005,313.470001,305.5,308.709991,308.709991,5724600
65,TSLA,65,US88160R1014,10168,9902,0.5305,0.0136,0.0235,0.0018,0.0101,0.0213,0.0114,0.0065,0.0051,0.0086,0.0139,0.0236,0.0018,0.0098,0.0217,0.0114,0.0068,0.0047,0.0087,306.339996,308.450012,296.320007,296.839996,296.839996,6050700
66,TSLA,66,US88160R1014,5148,4998,0.5386,0.0158,0.0153,0.001,0.0056,0.0169,0.0152,0.0065,0.0068,0.0121,0.0161,0.0158,0.001,0.0058,0.0172,0.0154,0.0067,0.007,0.0125,296.700012,307.390015,295.299988,304,304,9284600
67,TSLA,67,US88160R1014,11877,11446,0.231,0.0103,0.0204,0.002,0.0122,0.015,0.0322,0.006,0.0139,0.0121,0.0107,0.0203,0.0021,0.0124,0.0152,0.0194,0.0091,0.0088,0.0125,302.700012,304,298.679993,301.440002,301.440002,4138700
68,TSLA,68,US88160R1014,2991,2774,0.3681,0.0123,0.0227,0,0.0052,0.0213,0.0117,0.0075,0.0055,0.0076,0.013,0.0238,0,0.0057,0.0216,0.0126,0.0081,0.0059,0.0081,299.700012,300.839996,297.899994,300.25,300.25,3035700
69,TSLA,69,US88160R1014,1275,1199,0.3076,0.0201,0.0487,0,0.0059,0.0129,0.0036,0.0033,0.0016,0.0035,0.0213,0.0514,0,0.0063,0.0135,0.0038,0.0034,0.0017,0.003,302.459991,306.619995,302.109985,305.519989,305.519989,3898000
70,TSLA,70,US88160R1014,2600,2423,0.319,0.016,0.0313,0.0023,0.0084,0.0125,0.0147,0.0088,0.0051,0.012,0.0157,0.0333,0.0025,0.0092,0.0128,0.0141,0.0095,0.0048,0.0118,306.51001,309.149994,300.230011,302.51001,302.51001,6149400
71,TSLA,71,US88160R1014,2308,2165,0.3351,0.0113,0.0193,0.0029,0.0073,0.009,0.0128,0.0055,0.0075,0.0057,0.012,0.0195,0.0021,0.0073,0.0095,0.0122,0.005,0.0065,0.0056,302,306.399994,300.420013,305.600006,305.600006,4509800
72,TSLA,72,US88160R1014,1753,1682,0.1863,0.0074,0.0205,0.0006,0.0057,0.0177,0.0165,0.0099,0.0112,0.0035,0.0077,0.0196,0.0006,0.0054,0.0184,0.0149,0.0083,0.0113,0.0035,309.220001,310.549988,306.019989,308.029999,308.029999,5083500
73,TSLA,73,US88160R1014,2614,2489,0.2138,0.0111,0.0185,0.0019,0.0043,0.0183,0.0192,0.0094,0.0096,0.0107,0.0109,0.0191,0.0016,0.0045,0.0187,0.0197,0.0094,0.0092,0.0113,308,313.980011,305.859985,313.790009,313.790009,6737700
74,TSLA,74,US88160R1014,4502,4247,0.3606,0.0153,0.0154,0,0.0105,0.0179,0.0144,0.0044,0.0069,0.0076,0.0162,0.0163,0,0.0111,0.0189,0.0153,0.0047,0.0073,0.008,312.369995,314.5,309,310.170013,310.170013,4695000
75,TSLA,75,US88160R1014,3007,2855,0.4465,0.009,0.0186,0.0017,0.0073,0.0233,0.0186,0.012,0.0083,0.013,0.0095,0.0193,0.0014,0.0077,0.0245,0.0196,0.0126,0.0088,0.0136,311.690002,313.089996,307.5,308.630005,308.630005,3468600
76,TSLA,76,US88160R1014,4181,3957,0.4367,0.0119,0.0115,0.0012,0.0095,0.0177,0.0209,0.0033,0.009,0.0095,0.0125,0.0119,0.0013,0.01,0.0184,0.0218,0.0032,0.0093,0.0101,309.829987,314.799988,308,314.070007,314.070007,4463400
77,TSLA,77,US88160R1014,6379,6063,0.4601,0.0199,0.0213,0.0021,0.0124,0.0292,0.0218,0.0122,0.0102,0.0093,0.0206,0.0221,0.002,0.0129,0.0306,0.0207,0.0109,0.0109,0.0086,314.880005,327.25,314.809998,322.829987,322.829987,8829600
78,TSLA,78,US88160R1014,2544,2417,0.2442,0.0119,0.0171,0.0021,0.0097,0.0184,0.0274,0.0026,0.011,0.0128,0.0125,0.018,0.0022,0.0102,0.0194,0.026,0.0027,0.0115,0.0106,324,327.660004,316.559998,318.890015,318.890015,5382800
79,TSLA,79,US88160R1014,6059,5690,0.7237,0.012,0.0267,0.0018,0.0105,0.0209,0.0255,0.0055,0.0095,0.0132,0.0127,0.028,0.0019,0.0108,0.0221,0.0224,0.0058,0.0101,0.0093,317.670013,321.529999,310.450012,311.019989,311.019989,7133400
80,TSLA,80,US88160R1014,8515,8135,0.6859,0.0167,0.0261,0.0046,0.033,0.0388,0.0206,0.0094,0.0051,0.0156,0.0175,0.0273,0.0048,0.0327,0.039,0.0177,0.0098,0.0053,0.0129,307.440002,307.769989,290.76001,295.459991,295.459991,14152000
81,TSLA,81,US88160R1014,3240,3080,0.4281,0.0108,0.0189,0.0025,0.0082,0.0221,0.0274,0.0093,0.0115,0.0202,0.0111,0.0187,0.0026,0.0077,0.0203,0.0248,0.0098,0.0112,0.0173,298,308.549988,296.799988,308.350006,308.350006,8177300
82,TSLA,82,US88160R1014,8852,8432,0.2545,0.0207,0.0244,0.0007,0.0125,0.0248,0.0147,0.0112,0.0061,0.0148,0.0217,0.0247,0.0007,0.0124,0.0245,0.016,0.0125,0.0084,0.013,310.899994,313.790009,305.820007,307.190002,307.190002,7006500
83,TSLA,83,US88160R1014,384,379,0.0664,0.0104,0.0156,0,0.0208,0.0391,0.0104,0.0052,0.0026,0.0104,0.0106,0.0106,0,0.0185,0.0396,0.0106,0.0053,0.0026,0.0106,309.380005,321.98999,309.100006,321.26001,321.26001,9676500
84,TSLA,84,US88160R1014,1376,1341,0.3326,0.0104,0.0094,0.0015,0.0035,0.0364,0.0328,0.0117,0.0189,0.0056,0.0107,0.0097,0.0015,0.0036,0.0376,0.0296,0.0121,0.0195,0.0015,321.559998,325.5,318.119995,325.220001,325.220001,5741600
85,TSLA,85,US88160R1014,1420,1399,0.2466,0.0094,0.0101,0.0007,0.0031,0.0235,0.0173,0.0046,0.0087,0.0072,0.0095,0.0103,0.0007,0.0031,0.0238,0.0156,0.0047,0.0088,0.0053,323.399994,326,319.600006,323.100006,323.100006,4753800
86,TSLA,86,US88160R1014,605,585,0.1211,0.0131,0.0066,0.0011,0.0027,0.0363,0.023,0.0071,0.0121,0.006,0.0137,0.0057,0.0011,0.0029,0.0376,0.02,0.0074,0.0126,0.0023,325.480011,327,321.529999,324.809998,324.809998,4121600
87,TSLA,87,US88160R1014,2631,2499,0.435,0.0147,0.0134,0.0021,0.0046,0.0342,0.0299,0.0123,0.0092,0.0118,0.0153,0.0121,0.002,0.0044,0.0355,0.0241,0.0093,0.0115,0.0074,318.380005,320.200012,312.529999,315.880005,315.880005,7622000
88,TSLA,88,US88160R1014,978,937,0.095,0.0119,0.0248,0.0037,0.0229,0.0216,0.0163,0.0143,0.0082,0.0109,0.0124,0.0258,0.0039,0.0238,0.0225,0.013,0.0149,0.0085,0.0073,317.589996,320.059998,315.140015,317.01001,317.01001,4152500
89,TSLA,89,US88160R1014,56,56,0.0077,0,0,0,0,0,0.0357,0,0.0179,0.0179,0,0,0,0,0,0.0357,0,0.0179,0.0179,314.390015,314.630005,305.5,306.109985,306.109985,6711900
90,TSLA,90,US88160R1014,809,750,0.1866,0.0062,0.0334,0,0.0173,0.0086,0.0247,0.0086,0.0012,0.0173,0.0067,0.0307,0,0.016,0.0093,0.02,0.0093,0.0013,0.012,307,313.940002,305.309998,313.059998,313.059998,5653800
91,TSLA,91,US88160R1014,4758,4598,0.3183,0.0092,0.0357,0.0034,0.0139,0.0223,0.0187,0.0031,0.012,0.0111,0.0091,0.0363,0.0035,0.0135,0.0217,0.0178,0.0024,0.0115,0.01,315.5,316.5,310.200012,310.829987,310.829987,4687600
92,TSLA,92,US88160R1014,8822,8469,0.4174,0.0167,0.0186,0.0018,0.0064,0.021,0.019,0.0098,0.0079,0.0091,0.0167,0.0181,0.0019,0.0063,0.0215,0.0146,0.0104,0.0061,0.007,312.799988,314.369995,306.799988,310.350006,310.350006,4329200
93,TSLA,93,US88160R1014,5828,5655,0.4438,0.021,0.0278,0.0017,0.009,0.019,0.0196,0.0119,0.0114,0.0118,0.0213,0.0276,0.0018,0.0086,0.0196,0.0185,0.0123,0.0117,0.0105,310.459991,310.730011,303.480011,303.859985,303.859985,4318400
94,TSLA,94,US88160R1014,4623,4232,0.3377,0.0203,0.042,0.0013,0.0106,0.027,0.0177,0.0108,0.0074,0.0112,0.0213,0.0452,0.0014,0.0099,0.0236,0.0149,0.0115,0.0056,0.0101,306.51001,311,305.399994,310.220001,310.220001,5033300
95,TSLA,95,US88160R1014,1245,1165,0.4683,0.0265,0.0345,0.0056,0.0121,0.0168,0.0265,0.0056,0.0177,0.0105,0.0266,0.0369,0.006,0.0129,0.018,0.024,0.006,0.0189,0.006,311.019989,316.970001,307.809998,316.829987,316.829987,5014000
96,TSLA,96,US88160R1014,1027,914,0.1048,0.038,0.0468,0.0116,0.0029,0.0263,0.0909,0,0,0.0136,0.0361,0.0525,0.0131,0.0033,0.023,0.023,0.0165,0,0.0098,326,336.279999,325.76001,335.100006,335.100006,7782900
97,TSLA,97,US88160R1014,606,575,0.2873,0.0148,0.0231,0,0.0116,0.0132,0.0247,0.0182,0.0083,0.0198,0.0156,0.0244,0,0.0121,0.0139,0.0191,0.0191,0.0087,0.0139,337.690002,342.890015,335.160004,341.01001,341.01001,9963400
98,TSLA,98,US88160R1014,339,283,0.2513,0.0059,0.0147,0,0.0089,0.0059,0.0325,0.0029,0.0089,0.0295,0.0071,0.0177,0,0.0106,0.0071,0.0389,0.0035,0.0106,0.0353,344,344.880005,337.290009,340.369995,340.369995,7608000
99,TSLA,99,US88160R1014,3285,3038,0.3526,0.0149,0.0362,0.0027,0.017,0.0195,0.0183,0.0049,0.0055,0.0155,0.0141,0.0359,0.003,0.0151,0.0201,0.0171,0.0043,0.0043,0.0148,339.769989,342.880005,335.929993,339.850006,339.850006,5590200
100,TSLA,100,US88160R1014,4048,3897,0.4221,0.0185,0.0197,0.0005,0.0042,0.0282,0.0121,0.0056,0.0044,0.0114,0.0193,0.0203,0.0005,0.0044,0.029,0.0128,0.0048,0.0041,0.0118,338.5,348.440002,334.209991,347.320007,347.320007,6784400
101,TSLA,101,US88160R1014,9603,9041,0.5565,0.0097,0.0169,0.001,0.0086,0.0306,0.0199,0.0113,0.0055,0.0181,0.0097,0.0179,0.0011,0.0087,0.0303,0.0203,0.0118,0.0053,0.019,344.700012,359.48999,339.970001,352.850006,352.850006,11086800
102,TSLA,102,US88160R1014,4139,3759,0.3671,0.0133,0.0167,0.0017,0.0051,0.0232,0.0215,0.0087,0.0087,0.0102,0.0141,0.0181,0.0008,0.0048,0.0247,0.021,0.0093,0.0096,0.0109,356.339996,360.5,355.140015,359.649994,359.649994,9398000
103,TSLA,103,US88160R1014,4220,4060,0.4356,0.0144,0.0204,0,0.0038,0.0175,0.0235,0.0088,0.0088,0.0107,0.015,0.0204,0,0.0039,0.0182,0.0237,0.0091,0.0091,0.0103,363.75,371.899994,360.220001,370,370,9009800
104,TSLA,104,US88160R1014,2989,2866,0.255,0.0201,0.0234,0.003,0.0067,0.0328,0.0171,0.0077,0.009,0.012,0.0199,0.0244,0.0031,0.007,0.0342,0.0178,0.008,0.0094,0.0125,374.420013,376.869995,354.799988,357.320007,357.320007,17261400
105,TSLA,105,US88160R1014,4378,4021,0.5454,0.0274,0.0221,0.0023,0.0137,0.0413,0.0236,0.0118,0.0094,0.0148,0.0288,0.0231,0.0025,0.0139,0.0428,0.0182,0.0154,0.007,0.0159,357.98999,364.5,350.619995,359.01001,359.01001,10517700
106,TSLA,106,US88160R1014,917,828,0.4728,0.012,0.0185,0,0.0142,0.0436,0.0131,0.0207,0.0131,0.0109,0.0133,0.0205,0,0.0157,0.0447,0.0145,0.0157,0.0145,0.012,367.619995,376,366.609985,375.950012,375.950012,11807900
107,TSLA,107,US88160R1014,7125,6509,0.5905,0.0175,0.0291,0.0003,0.0093,0.0166,0.0309,0.0118,0.0198,0.0119,0.0187,0.0306,0.0003,0.0086,0.0164,0.0314,0.0124,0.0195,0.0128,381.089996,384.25,376.309998,380.660004,380.660004,12818400
108,TSLA,108,US88160R1014,2171,1970,0.274,0.018,0.0309,0,0.0079,0.0198,0.0308,0.0152,0.0217,0.0111,0.0193,0.033,0,0.0071,0.0198,0.032,0.0152,0.0218,0.0122,372.5,375.459991,366.48999,375.339996,375.339996,10426500
109,TSLA,109,US88160R1014,2729,2475,0.0909,0.0195,0.0319,0.0011,0.0088,0.0077,0.0058,0.0058,0,0.0088,0.0207,0.0344,0.0012,0.0081,0.0073,0.0247,0.0113,0.015,0.0097,375,376.700012,367.799988,369.799988,369.799988,6549300
110,TSLA,110,US88160R1014,2523,2361,0.4189,0.019,0.0151,0.0012,0.006,0.0178,0.0115,0.006,0.0036,0.0083,0.0191,0.0148,0.0013,0.0051,0.0178,0.0119,0.0063,0.0038,0.0085,376.670013,378.880005,369.730011,372.23999,372.23999,7438700
111,TSLA,111,US88160R1014,1683,1621,0.2417,0.0178,0.0125,0.0012,0.0042,0.0172,0.0113,0.0071,0.0041,0.0065,0.0173,0.013,0.0012,0.0043,0.0166,0.0117,0.0074,0.0043,0.0068,374.350006,376.98999,368.019989,376.399994,376.399994,4923200
112,TSLA,112,US88160R1014,1470,1383,0.2334,0.0136,0.0184,0.0007,0.0061,0.017,0.0102,0.0075,0.0014,0.0041,0.0137,0.0195,0.0007,0.0065,0.0174,0.0108,0.008,0.0014,0.0043,377.98999,385,373.570007,382.609985,382.609985,7529800
113,TSLA,113,US88160R1014,5926,5691,0.4547,0.0148,0.0263,0.002,0.0157,0.0224,0.0192,0.0099,0.0071,0.0143,0.0151,0.0267,0.002,0.0156,0.0215,0.0197,0.0102,0.0065,0.0146,382.450012,386.98999,379.350006,383.450012,383.450012,6445800
114,TSLA,114,US88160R1014,1822,1692,0.1373,0.0302,0.011,0,0.0055,0.0137,0.0165,0.0027,0.0027,0.0192,0.0237,0.0118,0,0.0059,0.0148,0.0178,0.003,0.003,0.0207,386.690002,386.950012,373.100006,377.48999,377.48999,6604100
115,TSLA,115,US88160R1014,2016,1922,0.1667,0.0163,0.0091,0.0015,0.0058,0.0166,0.0156,0.0043,0.0053,0.0139,0.0165,0.0095,0.0016,0.0061,0.0169,0.0159,0.0045,0.0051,0.0146,376.399994,376.399994,362.019989,362.369995,362.369995,6996400
116,TSLA,116,US88160R1014,6018,5832,0.411,0.0151,0.0188,0.0019,0.0056,0.0153,0.018,0.0085,0.0088,0.0107,0.0151,0.0194,0.002,0.0058,0.0152,0.0181,0.0088,0.009,0.0111,366.679993,371.73999,362.519989,371.23999,371.23999,6302500
117,TSLA,117,US88160R1014,803,757,0.1817,0.0175,0.0099,0.0013,0.005,0.0199,0.0162,0.0062,0.0037,0.0074,0.0172,0.0105,0.0013,0.0052,0.0185,0.0171,0.0066,0.0039,0.0079,370.609985,371,354.100006,360.75,360.75,8221000
118,TSLA,118,US88160R1014,698,638,0.3593,0.0183,0.0157,0.0029,0.0039,0.0298,0.0145,0.0135,0.0073,0.0112,0.02,0.0156,0.0031,0.0027,0.031,0.0159,0.0148,0.0079,0.0122,363.709991,366.769989,359.619995,361.609985,361.609985,5848500
119,TSLA,119,US88160R1014,13162,12267,0.7988,0.0144,0.0242,0.0005,0.0053,0.0175,0.0206,0.0083,0.0109,0.0099,0.0153,0.025,0.0005,0.0052,0.0183,0.0243,0.0092,0.0138,0.0103,370.23999,371.350006,351.5,352.619995,352.619995,6305400
120,TSLA,120,US88160R1014,7975,7716,0.535,0.0117,0.0312,0.0024,0.0177,0.0259,0.0163,0.009,0.0058,0.0118,0.012,0.0322,0.0025,0.0183,0.0266,0.0167,0.0092,0.0059,0.0121,347.200012,347.23999,326.329987,327.089996,327.089996,17046700
121,TSLA,121,US88160R1014,17148,16601,0.7506,0.0114,0.0308,0.0026,0.0242,0.0231,0.0168,0.0083,0.0069,0.0113,0.0118,0.0313,0.0026,0.0244,0.0235,0.0173,0.0085,0.0068,0.0116,317.26001,320.790009,306.299988,308.829987,308.829987,19324500
122,TSLA,122,US88160R1014,10076,9623,0.6774,0.0112,0.0265,0.0015,0.0157,0.0138,0.0175,0.0064,0.0089,0.0094,0.0114,0.027,0.0015,0.0164,0.0138,0.018,0.0067,0.0089,0.0098,313.5,317,307.380005,313.220001,313.220001,14176900
123,TSLA,123,US88160R1014,16938,16361,0.2698,0.0181,0.0262,0.0018,0.0148,0.0218,0.0184,0.0093,0.0068,0.0121,0.0186,0.027,0.0017,0.0152,0.0223,0.0197,0.0104,0.0077,0.0123,312.899994,317.940002,303.130005,316.049988,316.049988,13820900
124,TSLA,124,US88160R1014,2154,2054,0.2681,0.0163,0.0213,0.0005,0.0111,0.0204,0.0255,0.0037,0.0097,0.0107,0.0171,0.0224,0.0005,0.0117,0.0209,0.0268,0.0039,0.0102,0.0112,316,327.279999,314.299988,327.220001,327.220001,11559400
125,TSLA,125,US88160R1014,3333,3157,0.3856,0.0117,0.0237,0,0.0078,0.0213,0.0258,0.0129,0.0123,0.0102,0.0114,0.024,0,0.0082,0.0206,0.0272,0.0126,0.013,0.0108,330.399994,333.100006,324.5,329.519989,329.519989,10346100
126,TSLA,126,US88160R1014,3118,2982,0.2782,0.0206,0.0164,0,0.0147,0.017,0.0167,0.0057,0.0116,0.01,0.0194,0.0171,0,0.0154,0.0158,0.0174,0.006,0.0121,0.0104,330.109985,331.600006,319.970001,323.410004,323.410004,8594500
127,TSLA,127,US88160R1014,3815,3463,0.1592,0.0108,0.0244,0.0021,0.0134,0.0331,0.0069,0.0046,0.0051,0.0084,0.0118,0.026,0.0023,0.0129,0.0338,0.0124,0.0073,0.0046,0.0093,325.540009,327.100006,313.450012,319.570007,319.570007,9876900
128,TSLA,128,US88160R1014,3015,2838,0.2667,0.0106,0.0249,0.0023,0.0076,0.012,0.0119,0.007,0.0063,0.0063,0.0102,0.026,0.0025,0.0078,0.0127,0.0127,0.007,0.0067,0.0067,317.5,329.130005,315.660004,328.23999,328.23999,6373700
129,TSLA,129,US88160R1014,1085,1005,0.0835,0.0092,0.012,0.0009,0.0037,0.0111,0.0101,0.0065,0.0046,0.0046,0.008,0.0129,0.001,0.004,0.0109,0.0109,0.007,0.005,0.005,328.230011,331.649994,323.220001,325.26001,325.26001,6357000
130,TSLA,130,US88160R1014,2896,2707,0.3602,0.019,0.019,0,0.0145,0.0204,0.01,0.0083,0.0052,0.0069,0.0203,0.02,0,0.0152,0.0207,0.0107,0.0089,0.0055,0.0074,326.899994,330.220001,324.200012,329.920013,329.920013,5166200
131,TSLA,131,US88160R1014,1556,1488,0.2403,0.0148,0.0257,0,0.0186,0.018,0.0148,0.0064,0.0071,0.0097,0.0155,0.0262,0,0.0175,0.0168,0.0155,0.0067,0.0074,0.0101,329.459991,331.26001,325.799988,328.399994,328.399994,4901600
132,TSLA,132,US88160R1014,1638,1544,0.112,0.0128,0.0281,0.0049,0.0104,0.0128,0.0314,0.0087,0.0122,0.0152,0.0136,0.0285,0.0052,0.0104,0.0123,0.0324,0.0091,0.0149,0.0156,330.23999,343.399994,330.01001,342.519989,342.519989,8637100
133,TSLA,133,US88160R1014,1527,1442,0.2254,0.0203,0.0268,0.0026,0.0079,0.0203,0.0183,0.0052,0.0079,0.0105,0.0215,0.0264,0.0028,0.0083,0.0208,0.0187,0.0055,0.0076,0.0111,345,345.600006,334.149994,339.600006,339.600006,6989200
134,TSLA,134,US88160R1014,2738,2587,0.4263,0.0157,0.0252,0,0.0091,0.0121,0.0274,0.019,0.015,0.0044,0.0166,0.0247,0,0.0089,0.0128,0.0278,0.0201,0.0158,0.0047,340.359985,345.5,338.119995,343.850006,343.850006,4820800
135,TSLA,135,US88160R1014,3694,3528,0.1632,0.0089,0.0111,0,0.0087,0.0138,0.0168,0.0062,0.0119,0.0076,0.0082,0.0116,0,0.0091,0.0133,0.0176,0.0065,0.0124,0.0079,346,347.5,326.290009,334.459991,334.459991,8302400
136,TSLA,136,US88160R1014,3126,3015,0.1962,0.0138,0.0192,0.0006,0.0182,0.0183,0.0189,0.0067,0.0144,0.008,0.0126,0.0199,0.0007,0.0189,0.0172,0.0196,0.0069,0.0149,0.0083,336.890015,339.600006,332.51001,335.070007,335.070007,4880400
137,TSLA,137,US88160R1014,14642,14051,0.6861,0.0142,0.0172,0.0007,0.0125,0.0165,0.0195,0.0082,0.0108,0.0082,0.0148,0.0178,0.0007,0.013,0.0168,0.0209,0.0082,0.011,0.0083,335.5,341.48999,321.040009,323.470001,323.470001,8535100
138,TSLA,138,US88160R1014,3609,3498,0.4635,0.0141,0.0338,0.0008,0.0294,0.018,0.0183,0.008,0.0072,0.0164,0.0146,0.0349,0.0009,0.0303,0.0186,0.0189,0.0083,0.0074,0.0169,323,324.450012,316.130005,319.570007,319.570007,8303100
139,TSLA,139,US88160R1014,7889,7528,0.6855,0.0118,0.0255,0.0009,0.0285,0.0232,0.0133,0.007,0.0065,0.0084,0.0124,0.0266,0.0009,0.0299,0.0243,0.0138,0.007,0.0067,0.0086,318.940002,327.119995,311.220001,325.890015,325.890015,13091500
140,TSLA,140,US88160R1014,15119,14681,0.8377,0.0151,0.0314,0.0038,0.0147,0.0237,0.0151,0.0132,0.0098,0.0114,0.0156,0.0323,0.0039,0.015,0.0244,0.0155,0.0136,0.0101,0.0117,345.329987,350,343.149994,347.089996,347.089996,13535000
141,TSLA,141,US88160R1014,9648,9374,0.5221,0.0166,0.0275,0.0034,0.0108,0.0234,0.0159,0.0109,0.0082,0.0109,0.0171,0.0283,0.0035,0.0111,0.024,0.0162,0.0112,0.0083,0.0111,347,357.269989,343.299988,356.910004,356.910004,9268900
142,TSLA,142,US88160R1014,11624,11056,0.7433,0.0182,0.0221,0.0012,0.009,0.0267,0.0214,0.0065,0.014,0.0142,0.0188,0.023,0.0013,0.0091,0.0277,0.0216,0.0096,0.0121,0.0144,357.350006,359.480011,352.75,355.170013,355.170013,6324500
143,TSLA,143,US88160R1014,7328,7156,0.3072,0.0172,0.0214,0.001,0.0114,0.024,0.0177,0.0095,0.0067,0.0114,0.0176,0.0217,0.001,0.0117,0.0246,0.0181,0.0097,0.0069,0.0117,357.529999,368.579987,357.399994,365.220001,365.220001,7449800
144,TSLA,144,US88160R1014,2799,2682,0.4947,0.0175,0.0218,0.0029,0.0071,0.019,0.0204,0.0082,0.0118,0.0168,0.0171,0.0228,0.003,0.0075,0.0194,0.0205,0.0082,0.0112,0.0175,361,370,358.950012,363.529999,363.529999,6892100
145,TSLA,145,US88160R1014,9126,8945,0.4996,0.0169,0.0238,0.0011,0.0101,0.0216,0.0231,0.0142,0.009,0.0195,0.0169,0.0242,0.0012,0.0103,0.022,0.0232,0.0134,0.0086,0.0199,361.600006,366.649994,354.660004,355.399994,355.399994,7092900
146,TSLA,146,US88160R1014,4849,4666,0.1985,0.0134,0.0206,0.0013,0.0091,0.0213,0.0188,0.0116,0.0073,0.0159,0.0135,0.0214,0.0013,0.0094,0.0219,0.0195,0.0114,0.0075,0.0165,356.970001,361.26001,353.619995,357.869995,357.869995,4365800
147,TSLA,147,US88160R1014,16444,15636,0.6227,0.0168,0.0383,0.0038,0.015,0.0374,0.0198,0.0041,0.0077,0.0167,0.0168,0.04,0.004,0.0153,0.0385,0.0181,0.0103,0.0057,0.0174,364.630005,367.660004,362.600006,363.799988,363.799988,4502700
148,TSLA,148,US88160R1014,1388,1340,0.243,0.0281,0.0274,0,0.0129,0.0346,0.0252,0.0137,0.0086,0.018,0.0291,0.0283,0,0.0134,0.0358,0.0246,0.0142,0.009,0.0171,365.200012,365.48999,359.369995,362.329987,362.329987,3085100
149,TSLA,149,US88160R1014,1168,1124,0.2951,0.0111,0.0317,0.0017,0.0077,0.0051,0.012,0.0128,0.0052,0.0128,0.0116,0.0329,0.0018,0.008,0.0044,0.0125,0.0133,0.0053,0.0133,363,366.5,362.519989,362.910004,362.910004,3413800
150,TSLA,150,US88160R1014,1354,1318,0.2953,0.0192,0.0258,0.0007,0.0148,0.0162,0.0148,0.0067,0.0045,0.0111,0.019,0.0265,0.0008,0.0152,0.0159,0.0144,0.0068,0.0038,0.0114,361.209991,363.299988,351.589996,351.920013,351.920013,5027700
151,TSLA,151,US88160R1014,504,490,0.0654,0.0298,0.0159,0,0.0258,0.0238,0.0238,0.002,0.004,0.0159,0.0286,0.0163,0,0.0265,0.0224,0.0224,0.002,0.002,0.0163,352.910004,354,345.799988,347.459991,347.459991,5408200
152,TSLA,152,US88160R1014,8188,7814,0.4668,0.0182,0.02,0,0.0107,0.0423,0.0091,0.0032,0.0005,0.0163,0.0191,0.021,0,0.011,0.0433,0.0091,0.004,0.001,0.017,345.820007,345.820007,331.850006,337.859985,337.859985,6495400
153,TSLA,153,US88160R1014,847,807,0.19,0.0224,0.0307,0,0.0284,0.033,0.0094,0.0071,0.0036,0.0024,0.0235,0.0322,0,0.026,0.031,0.0099,0.0074,0.0037,0.0025,341.130005,342.23999,337.369995,341.350006,341.350006,4322000
154,TSLA,154,US88160R1014,1803,1722,0.2658,0.01,0.0255,0,0.0116,0.0133,0.0177,0.0028,0.0117,0.0061,0.0105,0.0267,0,0.011,0.0122,0.018,0.0029,0.0122,0.0058,338.98999,353.48999,338.299988,352.769989,352.769989,4954500
155,TSLA,155,US88160R1014,2616,2536,0.1335,0.0141,0.0367,0.0019,0.0061,0.0111,0.0141,0.0092,0.0046,0.013,0.0146,0.0378,0.002,0.0063,0.0114,0.0146,0.0083,0.0043,0.0134,352.519989,356.660004,349.73999,352.929993,352.929993,4584700
156,TSLA,156,US88160R1014,4585,4358,0.4506,0.0134,0.036,0.0019,0.0078,0.0121,0.0144,0.0061,0.0052,0.0108,0.0141,0.0367,0.0021,0.0082,0.0123,0.0141,0.006,0.005,0.0114,354.23999,355.690002,347.299988,348.049988,348.049988,3484000
157,TSLA,157,US88160R1014,4683,4429,0.0815,0.0205,0.0344,0.0004,0.0168,0.0235,0.0266,0.0164,0.0061,0.0128,0.0216,0.0352,0.0005,0.0178,0.0246,0.0219,0.0149,0.0074,0.0135,339.480011,349.049988,338.75,347.359985,347.359985,4073700
158,TSLA,158,US88160R1014,3054,2928,0.6017,0.0124,0.0783,0.0043,0.0082,0.0134,0.0134,0.0069,0.0059,0.0095,0.013,0.0816,0.0045,0.0085,0.014,0.014,0.0072,0.0062,0.0099,356.119995,357.589996,353.690002,355.399994,355.399994,3049500
159,TSLA,159,US88160R1014,7801,7025,0.2735,0.0147,0.039,0.005,0.014,0.0366,0.0146,0.0061,0.0049,0.0127,0.0136,0.0404,0.0044,0.0149,0.0343,0.0134,0.0127,0.0056,0.0124,353.799988,355.48999,345.890015,349.589996,349.589996,3835100
160,TSLA,160,US88160R1014,2876,2706,0.2415,0.0098,0.0104,0.0007,0.0035,0.0122,0.016,0.0045,0.0076,0.0125,0.0104,0.0107,0.0007,0.0033,0.0129,0.0155,0.0044,0.007,0.0126,349.5,350.980011,341.559998,344.529999,344.529999,4091400
161,TSLA,161,US88160R1014,139,139,0.0293,0.0072,0,0,0,0.0072,0.0144,0,0.0144,0,0.0072,0,0,0,0.0072,0.0144,0,0.0144,0,345.980011,352.480011,343.450012,350.609985,350.609985,4239200
162,TSLA,162,US88160R1014,146,146,0.0153,0,0,0,0,0,0.0274,0,0.0137,0,0,0,0,0,0,0.0274,0,0.0137,0,348.98999,349.779999,342.299988,343.399994,343.399994,3263500
163,TSLA,163,US88160R1014,9881,9390,0.4695,0.0125,0.03,0.001,0.0131,0.0208,0.0175,0.0061,0.0034,0.0147,0.0131,0.0305,0.001,0.0133,0.0205,0.0168,0.0062,0.0028,0.0149,351.350006,363.709991,350,363.690002,363.690002,7667100
164,TSLA,164,US88160R1014,7692,7170,0.4225,0.0126,0.0293,0.0009,0.0111,0.0161,0.0152,0.0055,0.0042,0.0121,0.0129,0.0296,0.001,0.0119,0.016,0.0155,0.0059,0.0045,0.0126,364.48999,368.76001,360.399994,362.75,362.75,5972900
165,TSLA,165,US88160R1014,3669,3484,0.4605,0.0193,0.0344,0.001,0.0149,0.0255,0.0189,0.0054,0.0053,0.0157,0.0198,0.0356,0.0011,0.0158,0.0255,0.0188,0.0058,0.0057,0.016,363.820007,368.070007,359.589996,366.230011,366.230011,4185200
166,TSLA,166,US88160R1014,2865,2674,0.2793,0.0164,0.0314,0.0011,0.0154,0.0286,0.0178,0.0031,0.0011,0.0175,0.0176,0.0325,0.0012,0.0164,0.0284,0.0169,0.0034,0.0012,0.0176,364.329987,377.959991,362.630005,377.640015,377.640015,7202500
167,TSLA,167,US88160R1014,3161,2999,0.4032,0.0171,0.0231,0.001,0.0102,0.0269,0.0149,0.006,0.0032,0.0117,0.018,0.0237,0.001,0.0107,0.027,0.0143,0.0063,0.0033,0.0117,374.51001,380,372.700012,379.809998,379.809998,5420500
168,TSLA,168,US88160R1014,6559,6162,0.4494,0.0157,0.0253,0.0006,0.0119,0.0244,0.0173,0.0053,0.0015,0.0136,0.0166,0.0261,0.0007,0.0125,0.0245,0.0176,0.0047,0.004,0.0136,380.25,389.609985,377.679993,385,385,7188000
169,TSLA,169,US88160R1014,8579,8168,0.4895,0.0148,0.0171,0.0006,0.0098,0.0261,0.0129,0.0087,0.0048,0.0098,0.0155,0.0169,0.0006,0.0103,0.0254,0.0131,0.0092,0.0048,0.0094,380,382.390015,373.570007,375.100006,375.100006,6451900
170,TSLA,170,US88160R1014,1706,1634,0.481,0.0076,0.0211,0.0017,0.0094,0.0281,0.0235,0.0047,0.0094,0.0147,0.008,0.022,0.0018,0.0098,0.0294,0.0245,0.0049,0.0098,0.0153,373,378.25,371.070007,373.910004,373.910004,4919100
171,TSLA,171,US88160R1014,4633,4456,0.3964,0.0244,0.014,0.0015,0.0082,0.0194,0.0194,0.0069,0.0058,0.0164,0.0254,0.0146,0.0016,0.0083,0.0202,0.0202,0.0072,0.0058,0.0164,374.899994,376.829987,364.51001,366.480011,366.480011,4618200
172,TSLA,172,US88160R1014,264,243,0.0617,0.0189,0.072,0.0038,0.0227,0.0303,0.0152,0.0038,0.0076,0.0076,0.0165,0.07,0.0041,0.0165,0.0288,0.0165,0.0041,0.0082,0.0082,366.48999,369.899994,350.880005,351.089996,351.089996,8159400
173,TSLA,173,US88160R1014,3730,3547,0.0729,0.0169,0.0295,0.0029,0.0107,0.0204,0.0103,0.0083,0.0041,0.0115,0.0172,0.0299,0.0031,0.0101,0.02,0.0181,0.0076,0.0081,0.0122,353.149994,357.470001,342.880005,344.98999,344.98999,7605900
174,TSLA,174,US88160R1014,3765,3524,0.5198,0.0133,0.0185,0.0016,0.012,0.0224,0.0177,0.0104,0.0101,0.0097,0.0137,0.0186,0.0017,0.0122,0.0205,0.0189,0.0108,0.0108,0.0104,350.929993,351.23999,340.899994,345.25,345.25,7156300
175,TSLA,175,US88160R1014,2887,2841,0.3473,0.0187,0.0205,0.0031,0.008,0.0284,0.0222,0.0093,0.0135,0.0149,0.019,0.0208,0.0032,0.0081,0.0289,0.0226,0.0095,0.0137,0.0151,349.899994,351.48999,340.5,340.970001,340.970001,6060300
176,TSLA,176,US88160R1014,1631,1589,0,0.0276,0.0313,0.0061,0.0123,0.0276,0.0282,0.011,0.0196,0.0141,0.0277,0.0321,0.0063,0.0126,0.0277,0.0289,0.0113,0.0201,0.0145,339.880005,342.75,335.399994,339.600006,339.600006,5319600
177,TSLA,177,US88160R1014,3534,3368,0.2653,0.0119,0.0181,0.0023,0.0085,0.0147,0.017,0.0054,0.0082,0.0093,0.0122,0.0187,0.0024,0.0083,0.0148,0.0178,0.0057,0.0086,0.0098,341.859985,344.679993,338.600006,341.100006,341.100006,5107100
178,TSLA,178,US88160R1014,12190,11703,0.418,0.0146,0.0321,0.0026,0.0158,0.0213,0.0143,0.0041,0.0103,0.0082,0.0152,0.0331,0.0027,0.0162,0.0219,0.0179,0.0071,0.0102,0.0083,342.519989,343.700012,335.51001,341.529999,341.529999,5286800
179,TSLA,179,US88160R1014,5331,5052,0.5181,0.0188,0.0249,0.0015,0.0079,0.0197,0.0182,0.0071,0.0131,0.0084,0.0198,0.0257,0.0016,0.0081,0.0206,0.0184,0.0075,0.0135,0.0083,335.899994,348.549988,331.279999,348.140015,348.140015,10153600
180,TSLA,180,US88160R1014,3987,3780,0.5649,0.0209,0.0255,0.0016,0.0052,0.0221,0.0237,0.0076,0.0095,0.0196,0.0215,0.0268,0.0017,0.0052,0.0228,0.0239,0.008,0.0097,0.0198,351.25,358.619995,349.600006,355.01001,355.01001,8163500
181,TSLA,181,US88160R1014,779,765,0.1795,0.009,0.0065,0,0.0038,0.0064,0.0141,0.0077,0.0064,0.0051,0.0092,0.0065,0,0.0039,0.0065,0.0144,0.0078,0.0065,0.0052,356,357.440002,351.350006,355.329987,355.329987,4171700
182,TSLA,182,US88160R1014,16276,15417,0.3196,0.0131,0.0255,0.003,0.0132,0.0178,0.0128,0.0074,0.0036,0.0081,0.0137,0.0252,0.0032,0.0132,0.018,0.0126,0.0078,0.0029,0.0079,353.100006,360.100006,352.25,356.880005,356.880005,4297500
183,TSLA,183,US88160R1014,4898,4640,0.3323,0.0114,0.0355,0.0015,0.0082,0.018,0.0168,0.0088,0.0079,0.0114,0.0121,0.0366,0.0009,0.0086,0.0186,0.0158,0.0092,0.0069,0.0121,349.649994,351.75,342.670013,342.940002,342.940002,7493700
184,TSLA,184,US88160R1014,2112,1903,0.3423,0.0066,0.0521,0.0005,0.0071,0.0095,0.0151,0.0081,0.0066,0.0123,0.0073,0.0578,0.0005,0.0079,0.0105,0.0168,0.0089,0.0073,0.0137,353.890015,357.600006,351.149994,354.600006,354.600006,4500800
185,TSLA,185,US88160R1014,3801,3606,0.2385,0.0142,0.0221,0.001,0.0084,0.0289,0.0181,0.0068,0.0073,0.0155,0.0136,0.0233,0.0011,0.0089,0.0294,0.0191,0.0072,0.0078,0.0164,352.950012,359.779999,352.640015,355.679993,355.679993,4087000
186,TSLA,186,US88160R1014,3149,2960,0.3771,0.0159,0.0245,0.0016,0.0105,0.0327,0.0178,0.0064,0.0079,0.0162,0.0152,0.026,0.0017,0.0111,0.0328,0.0186,0.0064,0.0081,0.0169,356.980011,358.48999,353.679993,355.570007,355.570007,3540500
187,TSLA,187,US88160R1014,2755,2576,0.2685,0.0109,0.0349,0.0014,0.0098,0.025,0.0165,0.008,0.0073,0.0124,0.0105,0.0373,0.0015,0.0105,0.0256,0.0155,0.0082,0.007,0.0132,353.76001,354.480011,347.160004,350.600006,350.600006,5375500
188,TSLA,188,US88160R1014,1309,1281,0.1804,0.0076,0.0176,0.0023,0.0061,0.0191,0.0222,0.0084,0.0137,0.0091,0.0078,0.0179,0.0023,0.0062,0.0195,0.0226,0.0086,0.0141,0.0094,350.910004,356.220001,350.070007,355.75,355.75,3293300
189,TSLA,189,US88160R1014,872,805,0.057,0.0092,0.0252,0,0.0057,0.0241,0.0183,0.008,0.0057,0.0183,0.0099,0.0273,0,0.0062,0.0261,0.0199,0.0087,0.0062,0.0199,355.970001,363,354.130005,359.649994,359.649994,4939100
190,TSLA,190,US88160R1014,3635,3508,0.2634,0.0151,0.0234,0.0003,0.0052,0.0113,0.0123,0.008,0.0058,0.009,0.0157,0.024,0.0003,0.0054,0.0117,0.0128,0.0083,0.006,0.0091,355.559998,357.149994,348.200012,351.809998,351.809998,5061800
191,TSLA,191,US88160R1014,1435,1318,0.2186,0.0153,0.0474,0.0021,0.0091,0.0104,0.0119,0.0042,0.0049,0.0118,0.0167,0.0501,0.0023,0.0099,0.0114,0.0129,0.0045,0.0053,0.0114,352.690002,354.549988,344.339996,345.100006,345.100006,4930400
192,TSLA,192,US88160R1014,9633,9324,0.4696,0.0131,0.0239,0.0002,0.0104,0.0191,0.0127,0.0081,0.0079,0.0114,0.0134,0.0243,0.0002,0.0106,0.0197,0.013,0.0077,0.008,0.0116,349.880005,349.950012,336.25,337.019989,337.019989,5747300
193,TSLA,193,US88160R1014,5933,5630,0.3445,0.0199,0.0227,0.0003,0.0064,0.0221,0.0163,0.0076,0.0066,0.0147,0.0201,0.024,0.0003,0.0064,0.0217,0.0169,0.0078,0.0069,0.0149,338.799988,342.799988,336.160004,337.339996,337.339996,4491700
194,TSLA,194,US88160R1014,3963,3762,0.3302,0.0207,0.0245,0.0008,0.0104,0.0187,0.0184,0.0063,0.0086,0.0108,0.0213,0.0247,0.0008,0.0104,0.0197,0.0186,0.0067,0.0083,0.0114,336.700012,337.5,323.559998,325.839996,325.839996,8594100
195,TSLA,195,US88160R1014,3199,3012,0.4023,0.0184,0.0344,0.0016,0.0106,0.0163,0.0256,0.0078,0.0153,0.0047,0.0179,0.0348,0.0017,0.0113,0.0173,0.0249,0.0083,0.0146,0.0046,327.779999,330.230011,323.200012,326.170013,326.170013,5023500
196,TSLA,196,US88160R1014,6568,6283,0.6283,0.0131,0.0337,0.0023,0.0164,0.0172,0.0169,0.0091,0.0088,0.0075,0.0135,0.0341,0.0024,0.0161,0.0177,0.0162,0.0092,0.0091,0.0072,319.75,324.589996,316.660004,320.869995,320.869995,6979700
197,TSLA,197,US88160R1014,6989,6666,0.3054,0.0139,0.0366,0.0021,0.018,0.0167,0.0231,0.0046,0.0111,0.0082,0.0143,0.0372,0.0023,0.018,0.0173,0.0223,0.0083,0.0111,0.0076,319.179993,323.779999,317.25,320.079987,320.079987,4254400
198,TSLA,198,US88160R1014,7067,6810,0.6861,0.0103,0.0316,0.0031,0.0101,0.0147,0.0245,0.0054,0.0117,0.0082,0.0103,0.032,0.0032,0.0104,0.0153,0.025,0.0056,0.0117,0.0085,320.230011,331.950012,320.179993,331.529999,331.529999,5672300
199,TSLA,199,US88160R1014,1575,1367,0.9877,0.0089,0.0394,0,0.0222,0.0178,0.0121,0.0051,0.0051,0.0108,0.0102,0.0454,0,0.0256,0.019,0.0139,0.0059,0.0059,0.0124,332.25,332.609985,320.26001,321.079987,321.079987,8457300
200,TSLA,200,US88160R1014,3228,3126,0.3452,0.0096,0.0335,0.0012,0.0176,0.0139,0.0161,0.0087,0.004,0.0099,0.0099,0.0346,0.0013,0.0183,0.0144,0.0167,0.009,0.0042,0.0102,299.5,306.25,295.130005,306.089996,306.089996,8894000
201,TSLA,201,US88160R1014,2789,2611,0.1062,0.0118,0.0258,0.0014,0.0118,0.0315,0.0047,0.0028,0.0019,0.005,0.0111,0.0276,0.0015,0.0115,0.0325,0.0104,0.0065,0.0046,0.0054,307,307.5,299.01001,302.779999,302.779999,6486000
202,TSLA,202,US88160R1014,417,403,0.037,0.0144,0.0287,0,0.0264,0.0432,0.0048,0.0096,0.0048,0,0.0149,0.0298,0,0.0273,0.0447,0.0049,0.0099,0.0049,0,301.019989,306.5,300.029999,306.049988,306.049988,5294300
203,TSLA,203,US88160R1014,218,183,0.0695,0.0046,0.0092,0,0.0046,0.0046,0.0275,0.0138,0.0092,0.0046,0,0.0109,0,0.0055,0.0055,0.0219,0.0164,0.0109,0.0055,305.5,306.890015,301.299988,304.390015,304.390015,4725300
204,TSLA,204,US88160R1014,2195,2121,0.1873,0.0146,0.0169,0,0.0064,0.016,0.016,0.0064,0.0064,0.0151,0.0151,0.0174,0,0.0066,0.016,0.0165,0.0066,0.0066,0.0156,302.5,304.459991,296.299988,302.98999,302.98999,5447100
205,TSLA,205,US88160R1014,8285,8080,0.4435,0.0251,0.0307,0.0046,0.0166,0.0421,0.0227,0.0092,0.0089,0.0143,0.0257,0.0298,0.0047,0.0169,0.0429,0.0233,0.0094,0.0092,0.0145,302.5,308.359985,301.850006,302.98999,302.98999,4625400
206,TSLA,206,US88160R1014,10632,10378,0.278,0.0211,0.0264,0.0034,0.0098,0.0278,0.0196,0.0058,0.0095,0.0114,0.0216,0.0265,0.0035,0.01,0.0275,0.0177,0.0095,0.0083,0.0113,300.130005,316.799988,299.109985,315.399994,315.399994,7584900
207,TSLA,207,US88160R1014,1161,1131,0.1314,0.0198,0.0259,0.0043,0.0129,0.0258,0.0181,0.006,0.0094,0.0121,0.0204,0.0257,0.0044,0.0132,0.0265,0.0186,0.0062,0.0097,0.0124,315,316.350006,306.899994,308.700012,308.700012,5676100
208,TSLA,208,US88160R1014,7718,7328,0.4568,0.0135,0.0302,0.0031,0.0107,0.0194,0.0189,0.0049,0.0078,0.0104,0.0137,0.0314,0.0033,0.0112,0.0188,0.0191,0.0052,0.0078,0.0101,306.01001,312.48999,301.5,311.299988,311.299988,5978700
209,TSLA,209,US88160R1014,5690,5369,0.3441,0.0207,0.0315,0.0025,0.0065,0.0176,0.0237,0.0058,0.0099,0.0134,0.0214,0.0324,0.0026,0.0067,0.0184,0.0221,0.0061,0.0104,0.0116,313.98999,318.140015,311.299988,312.5,312.5,5822100
210,TSLA,210,US88160R1014,14035,13213,0.9026,0.0191,0.0189,0.002,0.0065,0.0196,0.0216,0.0137,0.0124,0.0092,0.0198,0.02,0.0021,0.0068,0.0207,0.0221,0.0146,0.0127,0.0095,325.670013,326.670013,313.149994,315.049988,315.049988,13735100
211,TSLA,211,US88160R1014,12288,11720,0.4002,0.0158,0.0202,0.0008,0.0054,0.0257,0.0144,0.0089,0.0074,0.0121,0.016,0.0208,0.0008,0.0054,0.0265,0.0192,0.0083,0.0094,0.0123,313.790009,315.5,304.75,308.73999,308.73999,8247700
212,TSLA,212,US88160R1014,4023,3838,0.5917,0.0199,0.0137,0.0012,0.005,0.0216,0.0137,0.0089,0.0072,0.0072,0.0206,0.0143,0.0013,0.0052,0.0227,0.0143,0.0094,0.0076,0.0075,310.859985,318.230011,308.709991,317.809998,317.809998,7261300
213,TSLA,213,US88160R1014,2648,2508,0.2667,0.0147,0.0238,0.0004,0.0049,0.0162,0.0132,0.0064,0.0068,0.0068,0.0151,0.0251,0.0004,0.0052,0.0172,0.0132,0.0068,0.0072,0.0072,316.769989,317.420013,311.839996,312.600006,312.600006,4917600
214,TSLA,214,US88160R1014,2634,2481,0.4251,0.0103,0.0186,0.0012,0.0053,0.0137,0.0215,0.014,0.014,0.011,0.0105,0.0186,0.0012,0.0056,0.0137,0.0222,0.0125,0.0146,0.0109,313.790009,316.410004,311,315.549988,315.549988,3244100
215,TSLA,215,US88160R1014,2249,2085,0.2213,0.0093,0.0183,0.0031,0.0084,0.016,0.0113,0.0092,0.0041,0.0093,0.0096,0.0183,0.0034,0.0077,0.0163,0.0139,0.0082,0.0048,0.0091,316.359985,320,313.920013,317.549988,317.549988,4949500
216,TSLA,216,US88160R1014,1043,999,0.1436,0.0105,0.0135,0.0029,0.0096,0.0124,0.0086,0.0086,0.0029,0.0057,0.011,0.014,0.003,0.009,0.013,0.008,0.008,0.003,0.006,317.299988,318,301.230011,307.540009,307.540009,8767400
217,TSLA,217,US88160R1014,796,780,0.1033,0.0025,0.0012,0.0012,0,0.0038,0.0013,0,0.0013,0,0.0025,0.0012,0.0012,0,0.0039,0.0013,0,0.0013,0,308.559998,310.700012,304.540009,308.850006,308.850006,4351600
218,TSLA,218,US88160R1014,1708,1610,0.3207,0.0175,0.0263,0.0012,0.0117,0.0328,0.0217,0.0111,0.0129,0.0099,0.018,0.0267,0.0012,0.0112,0.0329,0.0224,0.0118,0.0137,0.0093,305.440002,310.320007,305.049988,306.529999,306.529999,4292900
219,TSLA,219,US88160R1014,1124,1077,0.1151,0.0169,0.0249,0.0009,0.0089,0.0303,0,0.0063,0.0063,0.0106,0.0176,0.026,0.0009,0.0083,0.0306,0.0233,0.0102,0.0167,0.0102,306.5,308.269989,300.609985,305.200012,305.200012,5835100
220,TSLA,220,US88160R1014,3993,3750,0.2772,0.0186,0.0283,0.007,0,0.0305,0.0303,0.0125,0.0157,0.0128,0.0178,0.0301,0.0075,0,0.0307,0.0322,0.0115,0.0149,0.0131,302,308,301,303.700012,303.700012,4646500
221,TSLA,221,US88160R1014,544,516,0.0597,0.0184,0.0294,0.0074,0,0.0294,0.0313,0.0129,0.0165,0.0129,0.0174,0.031,0.0078,0,0.0291,0.0329,0.0116,0.0155,0.0136,300.100006,313.390015,300,313.26001,313.26001,7195300
222,TSLA,222,US88160R1014,2346,2169,0.2759,0.0073,0.0301,0.0033,0.0035,0.0157,0.0193,0.0102,0.0079,0.0087,0.0072,0.0312,0.0036,0.0038,0.0156,0.0202,0.0088,0.0079,0.0095,312,318.630005,311.049988,311.23999,311.23999,4780600
223,TSLA,223,US88160R1014,1927,1811,0.3047,0.0072,0.0083,0.0011,0.0073,0.0145,0.0088,0.0083,0.0015,0.0036,0.0077,0.0077,0.0011,0.0077,0.0149,0.0088,0.0077,0.0016,0.0039,314.600006,316.980011,311.26001,315.130005,315.130005,3468500
224,TSLA,224,US88160R1014,11202,10562,0.3435,0.0149,0.0193,0.0025,0.0098,0.0229,0.0175,0.0153,0.0087,0.012,0.0144,0.0195,0.0027,0.0096,0.0228,0.0215,0.0112,0.0098,0.0121,314.630005,329.01001,313.75,328.910004,328.910004,7938000
225,TSLA,225,US88160R1014,3600,3424,0.3067,0.0186,0.0322,0.0039,0.0189,0.0308,0.0217,0.0247,0.0086,0.0142,0.0193,0.0336,0.0041,0.0172,0.0312,0.0225,0.0245,0.0088,0.014,330.450012,341.440002,330.029999,341.029999,341.029999,8733200
226,TSLA,226,US88160R1014,2978,2898,0.3623,0.0144,0.0245,0.0024,0.0135,0.0235,0.0228,0.0205,0.0121,0.0131,0.0138,0.0252,0.0024,0.0128,0.0227,0.0235,0.0207,0.0124,0.0131,340.929993,344.220001,336.5,339.029999,339.029999,6221500
227,TSLA,227,US88160R1014,1017,989,0.2397,0.0068,0.0177,0.001,0.0069,0.0147,0.0186,0.0128,0.0108,0.0089,0.006,0.0182,0.001,0.0071,0.0141,0.0192,0.0131,0.0111,0.0091,341.01001,347.440002,336.899994,337.890015,337.890015,5799900
228,TSLA,228,US88160R1014,1199,1120,0.1234,0.01,0.0142,0.0008,0.0125,0.0142,0.02,0.0084,0.015,0.0033,0.0107,0.0143,0.0009,0.0125,0.0134,0.0214,0.009,0.0161,0.0036,342.040009,343.899994,335.76001,343.450012,343.450012,6933200
229,TSLA,229,US88160R1014,4371,4222,0.2472,0.0176,0.0098,0.0007,0.0032,0.0199,0.0099,0.0021,0.0036,0.0067,0.0182,0.0088,0.0005,0.0031,0.0197,0.0104,0.0057,0.0033,0.0069,344.899994,346.730011,337.579987,338.869995,338.869995,5476200
230,TSLA,230,US88160R1014,1005,928,0.1647,0.01,0.011,0,0.0059,0.0209,0.015,0.005,0.0069,0.006,0.0108,0.0119,0,0.0064,0.0226,0.0162,0.0054,0.0075,0.0065,340.26001,341.48999,330.299988,331.100006,331.100006,6825000
231,TSLA,231,US88160R1014,913,894,0.0333,0.0208,0.0372,0,0.0372,0.0142,0.023,0.0142,0.011,0.011,0.0213,0.038,0,0.038,0.0145,0.0235,0.0145,0.0112,0.0112,332.690002,333.100006,325.040009,328.980011,328.980011,5953800
232,TSLA,232,US88160R1014,1463,1402,0.2309,0.0116,0.0355,0.0014,0.0205,0.0253,0.0205,0.015,0.0096,0.0041,0.0114,0.0371,0.0014,0.0214,0.0257,0.0207,0.0157,0.0093,0.0043,329.589996,333.73999,327.209991,331.660004,331.660004,4385200
233,TSLA,233,US88160R1014,1987,1921,0.1007,0.0141,0.0292,0.0015,0.0227,0.0312,0.0141,0.0151,0.005,0.009,0.0141,0.0302,0.0015,0.0229,0.0323,0.0146,0.0156,0.0052,0.0089,329.51001,330.920013,324.820007,325.200012,325.200012,4215800
234,TSLA,234,US88160R1014,4202,4077,0.0715,0.0157,0.0316,0.0002,0.019,0.0264,0.0329,0.0198,0.0263,0.0085,0.0159,0.0326,0.0002,0.0194,0.0272,0.0209,0.0118,0.008,0.0086,323.829987,323.940002,316.579987,317.290009,317.290009,4378400
235,TSLA,235,US88160R1014,7295,7013,0.5555,0.0112,0.025,0.0022,0.0118,0.0238,0.0195,0.0074,0.0094,0.0107,0.011,0.026,0.0023,0.012,0.0245,0.0201,0.0077,0.0098,0.0108,316,317.679993,310.75,311.640015,311.640015,4712100
236,TSLA,236,US88160R1014,2383,2309,0.1702,0.0101,0.029,0.0033,0.0088,0.0214,0.0206,0.0071,0.0113,0.0076,0.01,0.0298,0.0035,0.0091,0.0216,0.0208,0.0074,0.0113,0.0078,311.75,315.820007,309.540009,315.359985,315.359985,4316300
237,TSLA,237,US88160R1014,1258,1226,0.2556,0.0088,0.0287,0.0024,0.0096,0.0198,0.0215,0.0119,0.0127,0.0088,0.0082,0.0294,0.0024,0.0098,0.0196,0.022,0.0122,0.0131,0.009,316.179993,316.410004,310,311.350006,311.350006,3777200